Community ID,Community Name,geometry,BATTERY,DECEPTIVE PRACTICE,HOMICIDE,NARCOTICS,NON-CRIMINAL,SEXUAL,THEFT
1, Rogers Park ,"<Polygon><outerBoundaryIs><LinearRing><coordinates>-87.6842,42.0156,0.0 -87.68321,42.01244,0.0 -87.68021,42.00514,0.0 -87.6769,41.99809,0.0 -87.67497,41.99802,0.0 -87.65476,41.99818,0.0 -87.65502,41.998826,0.0 -87.655749,41.999464,0.0 -87.655663,42.000038,0.0 -87.656522,42.002302,0.0 -87.65708,42.004407,0.0 -87.656994,42.006321,0.0 -87.65562,42.00644,0.0 -87.657208,42.008266,0.0 -87.658496,42.010147,0.0 -87.66017,42.011391,0.0 -87.661242,42.013113,0.0 -87.6618,42.014962,0.0 -87.662916,42.016843,0.0 -87.663217,42.018437,0.0 -87.663817,42.020063,0.0 -87.663689,42.020573,0.0 -87.665362,42.023889,0.0 -87.66729,42.02717,0.0 -87.67836,42.02723,0.0 -87.6763,42.01952,0.0 -87.68454,42.01952,0.0 -87.6842,42.0156,0.0</coordinates></LinearRing></outerBoundaryIs></Polygon>",1193,266,4,70,31,55,1864
2, West Ridge ,"<Polygon><outerBoundaryIs><LinearRing><coordinates>-87.71044,41.99485,0.0 -87.70922,41.99043,0.0 -87.70699,41.98313,0.0 -87.68943,41.98316,0.0 -87.68965,41.99053,0.0 -87.675018,41.990757,0.0 -87.67519,41.998093,0.0 -87.6769,41.99802,0.0 -87.68021,42.00526,0.0 -87.68175,42.00877,0.0 -87.68317,42.01234,0.0 -87.68424,42.01569,0.0 -87.68463,42.01952,0.0 -87.69025,42.01955,0.0 -87.71068,42.00485,0.0 -87.71089,41.99978,0.0 -87.71076,41.99742,0.0 -87.71044,41.99485,0.0</coordinates></LinearRing></outerBoundaryIs></Polygon>",1082,293,2,57,21,57,1541
3, Uptown ,"<Polygon><outerBoundaryIs><LinearRing><coordinates>-87.651157,41.976497,0.0 -87.674546,41.976114,0.0 -87.674246,41.961596,0.0 -87.666049,41.961628,0.0 -87.664418,41.957958,0.0 -87.662272,41.95448,0.0 -87.641029,41.954703,0.0 -87.641501,41.957288,0.0 -87.641759,41.958628,0.0 -87.641544,41.959905,0.0 -87.63854,41.959522,0.0 -87.63618,41.959745,0.0 -87.634206,41.961532,0.0 -87.631245,41.962968,0.0 -87.631931,41.965266,0.0 -87.635064,41.965457,0.0 -87.638154,41.966,0.0 -87.640643,41.967181,0.0 -87.642832,41.968616,0.0 -87.64472,41.970563,0.0 -87.645965,41.972701,0.0 -87.646351,41.976976,0.0 -87.646995,41.977678,0.0 -87.651157,41.976497,0.0</coordinates></LinearRing></outerBoundaryIs></Polygon>",1153,392,5,71,43,45,1453
4, Lincoln Square,"<Polygon><outerBoundaryIs><LinearRing><coordinates>-87.694888,41.961277,0.0 -87.674289,41.961596,0.0 -87.674589,41.976146,0.0 -87.675018,41.990661,0.0 -87.689652,41.990534,0.0 -87.689395,41.983197,0.0 -87.706947,41.983085,0.0 -87.703686,41.972126,0.0 -87.702806,41.970483,0.0 -87.701304,41.9686,0.0 -87.698407,41.965952,0.0 -87.695596,41.96324,0.0 -87.694888,41.961277,0.0</coordinates></LinearRing></outerBoundaryIs></Polygon>",531,219,1,35,12,19,944
5, North Center,"<Polygon><outerBoundaryIs><LinearRing><coordinates>-87.694802,41.959618,0.0 -87.694416,41.957799,0.0 -87.694373,41.955884,0.0 -87.694588,41.953905,0.0 -87.696905,41.950075,0.0 -87.696347,41.946692,0.0 -87.69536,41.942542,0.0 -87.693772,41.940403,0.0 -87.691026,41.938329,0.0 -87.690339,41.936828,0.0 -87.687936,41.936126,0.0 -87.685661,41.933923,0.0 -87.683644,41.933444,0.0 -87.682657,41.932327,0.0 -87.673559,41.932391,0.0 -87.674289,41.961532,0.0 -87.694845,41.961245,0.0 -87.694802,41.959618,0.0</coordinates></LinearRing></outerBoundaryIs></Polygon>",238,183,,20,8,16,815
6, Lake View ,"<Polygon><outerBoundaryIs><LinearRing><coordinates>-87.662272,41.954448,0.0 -87.664504,41.958086,0.0 -87.666049,41.961628,0.0 -87.674246,41.961596,0.0 -87.674074,41.950331,0.0 -87.67343,41.932359,0.0 -87.649012,41.932806,0.0 -87.631288,41.932965,0.0 -87.630343,41.933476,0.0 -87.633948,41.941233,0.0 -87.633262,41.942606,0.0 -87.640986,41.954703,0.0 -87.662272,41.954448,0.0</coordinates></LinearRing></outerBoundaryIs></Polygon>",1188,749,,49,36,40,3194
7, Lincoln Park ,"<Polygon><outerBoundaryIs><LinearRing><coordinates>-87.68261,41.93223,0.0 -87.68106,41.93101,0.0 -87.67978,41.92859,0.0 -87.6769,41.92785,0.0 -87.6748,41.92645,0.0 -87.6745,41.92453,0.0 -87.67197,41.92268,0.0 -87.67055,41.92255,0.0 -87.66845,41.92204,0.0 -87.66441,41.91738,0.0 -87.66373,41.91562,0.0 -87.66145,41.91642,0.0 -87.65811,41.91409,0.0 -87.657101,41.910869,0.0 -87.62467,41.91134,0.0 -87.62304,41.91262,0.0 -87.6206,41.91313,0.0 -87.6203,41.91374,0.0 -87.62047,41.91435,0.0 -87.62214,41.91367,0.0 -87.62433,41.91441,0.0 -87.62592,41.91562,0.0 -87.62703,41.91687,0.0 -87.62828,41.9199,0.0 -87.62871,41.92294,0.0 -87.62939,41.92479,0.0 -87.62948,41.9268,0.0 -87.63103,41.92916,0.0 -87.63094,41.93219,0.0 -87.63128,41.93296,0.0 -87.68261,41.93223,0.0</coordinates></LinearRing></outerBoundaryIs></Polygon>",618,491,1,35,17,20,2854
8, Near North Side,"<Polygon><outerBoundaryIs><LinearRing><coordinates>-87.648067,41.91098,0.0 -87.65708,41.910853,0.0 -87.658131,41.90726,0.0 -87.658131,41.904225,0.0 -87.656608,41.902836,0.0 -87.656178,41.901447,0.0 -87.655127,41.900696,0.0 -87.651737,41.900009,0.0 -87.649183,41.898284,0.0 -87.645535,41.897821,0.0 -87.644334,41.897262,0.0 -87.644227,41.894227,0.0 -87.642102,41.892566,0.0 -87.639635,41.88918,0.0 -87.63869,41.886911,0.0 -87.638111,41.886225,0.0 -87.635837,41.887407,0.0 -87.632468,41.887359,0.0 -87.628005,41.887439,0.0 -87.625537,41.888733,0.0 -87.624357,41.888876,0.0 -87.620602,41.888573,0.0 -87.61586,41.888365,0.0 -87.6138,41.888748,0.0 -87.613585,41.888844,0.0 -87.612641,41.88902,0.0 -87.611268,41.889276,0.0 -87.609572,41.889355,0.0 -87.609551,41.891017,0.0 -87.600517,41.891176,0.0 -87.600539,41.891448,0.0 -87.598672,41.89148,0.0 -87.598629,41.892231,0.0 -87.60056,41.892247,0.0 -87.600603,41.892438,0.0 -87.60983,41.892279,0.0 -87.609851,41.893141,0.0 -87.602384,41.893365,0.0 -87.602384,41.8964,0.0 -87.605925,41.896463,0.0 -87.606847,41.896432,0.0 -87.610345,41.89624,0.0 -87.612126,41.893445,0.0 -87.612576,41.893221,0.0 -87.613842,41.893157,0.0 -87.619185,41.901159,0.0 -87.619979,41.90159,0.0 -87.620709,41.901718,0.0 -87.622619,41.902421,0.0 -87.625301,41.909799,0.0 -87.624743,41.910757,0.0 -87.624679,41.911316,0.0 -87.648067,41.91098,0.0</coordinates></LinearRing></outerBoundaryIs></Polygon>",2184,1766,5,158,83,62,7236
9, Edison Park ,"<Polygon><outerBoundaryIs><LinearRing><coordinates>-87.821875,42.01866,0.0 -87.82196,42.01595,0.0 -87.819815,42.015919,0.0 -87.819986,42.011455,0.0 -87.821274,42.011391,0.0 -87.821403,41.996944,0.0 -87.810287,41.997136,0.0 -87.81033,41.995509,0.0 -87.806854,41.995509,0.0 -87.806554,42.019043,0.0 -87.821875,42.01866,0.0</coordinates></LinearRing></outerBoundaryIs></Polygon>",99,32,,2,1,6,93
10, Norwood Park ,"<Polygon><outerBoundaryIs><LinearRing><coordinates>-87.83644,41.98643,0.0 -87.83655,41.9844,0.0 -87.83659,41.97531,0.0 -87.83354,41.97539,0.0 -87.83346,41.97392,0.0 -87.83238,41.97392,0.0 -87.83232,41.97258,0.0 -87.82949,41.97266,0.0 -87.82955,41.974,0.0 -87.8194,41.97421,0.0 -87.81945,41.9708,0.0 -87.81934,41.97051,0.0 -87.81938,41.97018,0.0 -87.81693,41.97029,0.0 -87.81693,41.97428,0.0 -87.81073,41.97442,0.0 -87.80827,41.97455,0.0 -87.80704,41.97455,0.0 -87.80717,41.96829,0.0 -87.80253,41.96834,0.0 -87.8025,41.96867,0.0 -87.78799,41.96884,0.0 -87.78771,41.98295,0.0 -87.77801,41.98292,0.0 -87.77782,41.99385,0.0 -87.78292,41.99621,0.0 -87.78297,41.99742,0.0 -87.77998,41.99743,0.0 -87.77994,41.9992,0.0 -87.78013,42.0,0.0 -87.78022,42.00153,0.0 -87.78063,42.00265,0.0 -87.78099,42.00295,0.0 -87.78132,42.00303,0.0 -87.78196,42.00278,0.0 -87.78282,42.00107,0.0 -87.78288,42.00024,0.0 -87.78344,42.0,0.0 -87.78385,42.00019,0.0 -87.78466,42.00019,0.0 -87.78513,41.99978,0.0 -87.78629,41.99971,0.0 -87.78664,41.99983,0.0 -87.78713,41.99984,0.0 -87.78786,41.99962,0.0 -87.78874,41.99997,0.0 -87.7893,42.00027,0.0 -87.78994,42.00048,0.0 -87.7905,42.00096,0.0 -87.79713,42.00094,0.0 -87.79711,42.0,0.0 -87.79943,41.99999,0.0 -87.79983,42.00152,0.0 -87.80537,42.00144,0.0 -87.80541,42.00085,0.0 -87.80674,42.00085,0.0 -87.80679,41.99541,0.0 -87.8103,41.99543,0.0 -87.81039,41.99715,0.0 -87.82144,41.99689,0.0 -87.82168,41.99586,0.0 -87.82213,41.99329,0.0 -87.82445,41.97592,0.0 -87.83369,41.97576,0.0 -87.83369,41.97684,0.0 -87.82972,41.97696,0.0 -87.82983,41.97857,0.0 -87.82874,41.97858,0.0 -87.82872,41.98059,0.0 -87.83309,41.98051,0.0 -87.83316,41.98121,0.0 -87.83515,41.98118,0.0 -87.83522,41.98249,0.0 -87.8344,41.98251,0.0 -87.83427,41.98297,0.0 -87.83384,41.98324,0.0 -87.83314,41.98327,0.0 -87.83305,41.98369,0.0 -87.82818,41.98378,0.0 -87.82816,41.98405,0.0 -87.82816,41.98129,0.0 -87.82498,41.98136,0.0 -87.82505,41.98305,0.0 -87.82352,41.98313,0.0 -87.82331,41.9845,0.0 -87.83644,41.98643,0.0</coordinates></LinearRing></outerBoundaryIs></Polygon>",350,140,1,17,6,21,409
11, Jefferson Park ,"<Polygon><outerBoundaryIs><LinearRing><coordinates>-87.777886,41.982942,0.0 -87.787714,41.982942,0.0 -87.787971,41.968457,0.0 -87.767587,41.968712,0.0 -87.767458,41.967787,0.0 -87.764883,41.967819,0.0 -87.76145,41.967659,0.0 -87.760592,41.967883,0.0 -87.752609,41.96801,0.0 -87.75291,41.97436,0.0 -87.755313,41.974423,0.0 -87.755313,41.977965,0.0 -87.757244,41.981634,0.0 -87.760592,41.988045,0.0 -87.761621,41.987695,0.0 -87.762179,41.987822,0.0 -87.762308,41.988301,0.0 -87.761793,41.988588,0.0 -87.761793,41.989353,0.0 -87.762523,41.990502,0.0 -87.762866,41.990693,0.0 -87.762952,41.990151,0.0 -87.763724,41.989736,0.0 -87.764454,41.989513,0.0 -87.765183,41.989864,0.0 -87.766342,41.990215,0.0 -87.7672,41.990023,0.0 -87.767372,41.989704,0.0 -87.767715,41.989608,0.0 -87.767715,41.989066,0.0 -87.768188,41.988875,0.0 -87.770891,41.989098,0.0 -87.771707,41.989832,0.0 -87.771835,41.990342,0.0 -87.771578,41.990916,0.0 -87.771063,41.991235,0.0 -87.771277,41.991618,0.0 -87.772737,41.991682,0.0 -87.773337,41.99232,0.0 -87.773809,41.993053,0.0 -87.773552,41.993627,0.0 -87.772307,41.994074,0.0 -87.771664,41.994616,0.0 -87.771277,41.995477,0.0 -87.771235,41.996147,0.0 -87.77205,41.996689,0.0 -87.772994,41.996944,0.0 -87.774067,41.99704,0.0 -87.775269,41.996849,0.0 -87.775998,41.996785,0.0 -87.776728,41.997232,0.0 -87.777457,41.997008,0.0 -87.77823,41.997104,0.0 -87.778788,41.996944,0.0 -87.779603,41.996913,0.0 -87.780032,41.997391,0.0 -87.78295,41.997455,0.0 -87.782907,41.996211,0.0 -87.777801,41.993819,0.0 -87.777886,41.982942,0.0</coordinates></LinearRing></outerBoundaryIs></Polygon>",323,128,1,23,11,14,414
12, Forest Glen ,"<Polygon><outerBoundaryIs><LinearRing><coordinates>-87.790589,42.001027,0.0 -87.789903,42.000548,0.0 -87.789173,42.000293,0.0 -87.7878,41.999655,0.0 -87.786984,41.999942,0.0 -87.786298,41.999719,0.0 -87.785182,41.999783,0.0 -87.78471,42.000229,0.0 -87.783895,42.000229,0.0 -87.783294,42.000006,0.0 -87.78295,42.000261,0.0 -87.782822,42.001218,0.0 -87.781835,42.002845,0.0 -87.781234,42.003036,0.0 -87.780547,42.002653,0.0 -87.780204,42.001601,0.0 -87.780118,42.000134,0.0 -87.77986,41.999336,0.0 -87.780032,41.997359,0.0 -87.77956,41.996913,0.0 -87.778273,41.997168,0.0 -87.777457,41.997008,0.0 -87.776685,41.997295,0.0 -87.776084,41.996849,0.0 -87.77544,41.996849,0.0 -87.773767,41.997104,0.0 -87.772007,41.996721,0.0 -87.771192,41.996211,0.0 -87.771664,41.994552,0.0 -87.77235,41.99401,0.0 -87.773595,41.993659,0.0 -87.773681,41.992926,0.0 -87.772651,41.991746,0.0 -87.77132,41.991682,0.0 -87.771063,41.991267,0.0 -87.771492,41.99098,0.0 -87.771835,41.990406,0.0 -87.771621,41.989832,0.0 -87.770848,41.98913,0.0 -87.76823,41.988907,0.0 -87.767715,41.989098,0.0 -87.767758,41.98964,0.0 -87.767372,41.989704,0.0 -87.767243,41.990023,0.0 -87.766213,41.990246,0.0 -87.765269,41.989991,0.0 -87.764454,41.989545,0.0 -87.763209,41.990183,0.0 -87.762823,41.990693,0.0 -87.761836,41.989417,0.0 -87.761836,41.988588,0.0 -87.762179,41.988269,0.0 -87.762179,41.987886,0.0 -87.76145,41.987758,0.0 -87.760677,41.988045,0.0 -87.755313,41.978092,0.0 -87.755442,41.974455,0.0 -87.752953,41.974392,0.0 -87.752566,41.968106,0.0 -87.747846,41.968074,0.0 -87.748232,41.983675,0.0 -87.747245,41.983165,0.0 -87.746859,41.982527,0.0 -87.745271,41.982591,0.0 -87.738361,41.98275,0.0 -87.738404,41.986259,0.0 -87.734199,41.988333,0.0 -87.733169,41.990119,0.0 -87.731967,41.990087,0.0 -87.726259,41.997295,0.0 -87.752652,41.997232,0.0 -87.762308,42.001696,0.0 -87.761965,42.002558,0.0 -87.761879,42.003706,0.0 -87.76175,42.008425,0.0 -87.767587,42.00833,0.0 -87.767587,42.004662,0.0 -87.765527,42.003674,0.0 -87.765784,42.003323,0.0 -87.76969,42.004917,0.0 -87.773252,42.011933,0.0 -87.777028,42.01206,0.0 -87.776942,42.0156,0.0 -87.77926,42.0156,0.0 -87.779303,42.01206,0.0 -87.788658,42.011933,0.0 -87.782564,42.004854,0.0 -87.781878,42.004407,0.0 -87.790589,42.001027,0.0</coordinates></LinearRing></outerBoundaryIs></Polygon>",127,74,,6,2,5,265
13, North Park ,"<Polygon><outerBoundaryIs><LinearRing><coordinates>-87.731924,41.990183,0.0 -87.733254,41.990087,0.0 -87.734199,41.988333,0.0 -87.738404,41.986275,0.0 -87.738361,41.98275,0.0 -87.746902,41.982575,0.0 -87.747245,41.983165,0.0 -87.748232,41.983643,0.0 -87.748017,41.975381,0.0 -87.733147,41.975508,0.0 -87.733169,41.973722,0.0 -87.731924,41.973626,0.0 -87.73186,41.971839,0.0 -87.728169,41.971935,0.0 -87.728362,41.975524,0.0 -87.727182,41.97554,0.0 -87.726753,41.975875,0.0 -87.725723,41.976019,0.0 -87.724543,41.975779,0.0 -87.723255,41.974743,0.0 -87.722011,41.974168,0.0 -87.719715,41.973849,0.0 -87.71611,41.971967,0.0 -87.713492,41.972031,0.0 -87.712355,41.972397,0.0 -87.711196,41.973881,0.0 -87.710145,41.974328,0.0 -87.708514,41.974711,0.0 -87.705917,41.974328,0.0 -87.704201,41.973626,0.0 -87.70478,41.975763,0.0 -87.706969,41.983085,0.0 -87.709222,41.990406,0.0 -87.710488,41.994824,0.0 -87.710724,41.997407,0.0 -87.726238,41.997295,0.0 -87.731924,41.990183,0.0</coordinates></LinearRing></outerBoundaryIs></Polygon>",254,58,1,19,2,13,510
14, Albany Park ,"<Polygon><outerBoundaryIs><LinearRing><coordinates>-87.737975,41.968106,0.0 -87.737803,41.96651,0.0 -87.729735,41.961022,0.0 -87.694974,41.961309,0.0 -87.695661,41.963192,0.0 -87.697334,41.964787,0.0 -87.69918,41.96667,0.0 -87.70124,41.968553,0.0 -87.702785,41.970435,0.0 -87.703729,41.972126,0.0 -87.704115,41.97353,0.0 -87.706003,41.974296,0.0 -87.708535,41.974679,0.0 -87.710166,41.974296,0.0 -87.711196,41.973849,0.0 -87.712355,41.972413,0.0 -87.713428,41.972031,0.0 -87.716088,41.971935,0.0 -87.717633,41.972764,0.0 -87.719736,41.973881,0.0 -87.721968,41.974168,0.0 -87.723212,41.974743,0.0 -87.723899,41.975349,0.0 -87.724586,41.975795,0.0 -87.72583,41.976019,0.0 -87.726731,41.975827,0.0 -87.72716,41.975572,0.0 -87.728362,41.97554,0.0 -87.728105,41.971903,0.0 -87.731838,41.971839,0.0 -87.731924,41.973658,0.0 -87.733169,41.973722,0.0 -87.733169,41.975508,0.0 -87.748103,41.975349,0.0 -87.747717,41.968042,0.0 -87.737975,41.968106,0.0</coordinates></LinearRing></outerBoundaryIs></Polygon>",718,139,1,30,8,51,1195
15, Portage Park ,"<Polygon><outerBoundaryIs><LinearRing><coordinates>-87.786813,41.968457,0.0 -87.786813,41.963543,0.0 -87.786984,41.963096,0.0 -87.786813,41.960224,0.0 -87.786512,41.952916,0.0 -87.776856,41.953043,0.0 -87.776256,41.938584,0.0 -87.742138,41.938967,0.0 -87.742352,41.946149,0.0 -87.742653,41.953426,0.0 -87.747288,41.962426,0.0 -87.746859,41.962937,0.0 -87.74776,41.964468,0.0 -87.74776,41.96801,0.0 -87.76072,41.967914,0.0 -87.761536,41.967723,0.0 -87.765012,41.967883,0.0 -87.767458,41.967819,0.0 -87.767587,41.968712,0.0 -87.786813,41.968457,0.0</coordinates></LinearRing></outerBoundaryIs></Polygon>",1070,277,1,79,18,51,1407
16, Irving Park ,"<Polygon><outerBoundaryIs><LinearRing><coordinates>-87.747803,41.9645,0.0 -87.746773,41.962937,0.0 -87.747245,41.962394,0.0 -87.74261,41.953458,0.0 -87.742095,41.938967,0.0 -87.727289,41.939127,0.0 -87.727246,41.9465,0.0 -87.69639,41.946692,0.0 -87.696948,41.950107,0.0 -87.695875,41.952086,0.0 -87.694545,41.953969,0.0 -87.694373,41.955756,0.0 -87.694502,41.957735,0.0 -87.694802,41.959841,0.0 -87.694888,41.961277,0.0 -87.729692,41.96099,0.0 -87.737803,41.966542,0.0 -87.737889,41.968074,0.0 -87.747846,41.96801,0.0 -87.747803,41.9645,0.0</coordinates></LinearRing></outerBoundaryIs></Polygon>",859,241,2,33,14,48,1378
17, Dunning ,"<Polygon><outerBoundaryIs><LinearRing><coordinates>-87.776814,41.953075,0.0 -87.786555,41.952916,0.0 -87.786813,41.960224,0.0 -87.794237,41.960128,0.0 -87.80724,41.953937,0.0 -87.80724,41.952788,0.0 -87.831831,41.952182,0.0 -87.831831,41.95582,0.0 -87.832646,41.95949,0.0 -87.83668,41.959331,0.0 -87.836852,41.952086,0.0 -87.836466,41.944841,0.0 -87.835221,41.944904,0.0 -87.834878,41.937594,0.0 -87.816553,41.937977,0.0 -87.816424,41.934306,0.0 -87.806768,41.934466,0.0 -87.806811,41.938105,0.0 -87.776213,41.938488,0.0 -87.776814,41.953075,0.0</coordinates></LinearRing></outerBoundaryIs></Polygon>",540,140,,27,11,22,545
18, Montclare ,"<Polygon><outerBoundaryIs><LinearRing><coordinates>-87.806811,41.938073,0.0 -87.806425,41.923451,0.0 -87.789817,41.917671,0.0 -87.790289,41.918597,0.0 -87.790847,41.938201,0.0 -87.806811,41.938073,0.0</coordinates></LinearRing></outerBoundaryIs></Polygon>",237,39,1,10,3,4,212
19, Belmont Cragin ,"<Polygon><outerBoundaryIs><LinearRing><coordinates>-87.79076,41.93823,0.0 -87.79067,41.93092,0.0 -87.79024,41.91862,0.0 -87.78973,41.9176,0.0 -87.78638,41.91645,0.0 -87.76445,41.91674,0.0 -87.74136,41.9139,0.0 -87.74222,41.93887,0.0 -87.77136,41.93855,0.0 -87.79076,41.93823,0.0</coordinates></LinearRing></outerBoundaryIs></Polygon>",1552,320,8,121,43,86,1850
20, Hermosa ,"<Polygon><outerBoundaryIs><LinearRing><coordinates>-87.735314,41.939031,0.0 -87.742224,41.938871,0.0 -87.74128,41.913935,0.0 -87.738061,41.913487,0.0 -87.722139,41.913743,0.0 -87.735314,41.939031,0.0</coordinates></LinearRing></outerBoundaryIs></Polygon>",533,81,3,31,15,35,614
21, Avondale ,"<Polygon><outerBoundaryIs><LinearRing><coordinates>-87.682743,41.932327,0.0 -87.683687,41.933476,0.0 -87.685618,41.933859,0.0 -87.687979,41.936126,0.0 -87.690339,41.936828,0.0 -87.691069,41.938297,0.0 -87.692571,41.939478,0.0 -87.693772,41.94034,0.0 -87.695403,41.942574,0.0 -87.696347,41.94666,0.0 -87.727332,41.9465,0.0 -87.727203,41.939159,0.0 -87.735271,41.939063,0.0 -87.731452,41.931816,0.0 -87.682743,41.932327,0.0</coordinates></LinearRing></outerBoundaryIs></Polygon>",636,203,2,22,10,37,1085
22, Logan Square ,"<Polygon><outerBoundaryIs><LinearRing><coordinates>-87.663774,41.915595,0.0 -87.664461,41.917352,0.0 -87.668495,41.922078,0.0 -87.670512,41.922493,0.0 -87.671928,41.922652,0.0 -87.674546,41.924568,0.0 -87.674847,41.926452,0.0 -87.676992,41.927857,0.0 -87.679782,41.928559,0.0 -87.681112,41.930986,0.0 -87.6827,41.932295,0.0 -87.731495,41.931816,0.0 -87.727504,41.923993,0.0 -87.722225,41.913807,0.0 -87.706776,41.913839,0.0 -87.667251,41.914222,0.0 -87.663774,41.915595,0.0</coordinates></LinearRing></outerBoundaryIs></Polygon>",1225,380,5,66,21,46,2720
23, Humboldt Park ,"<Polygon><outerBoundaryIs><LinearRing><coordinates>-87.701969,41.913839,0.0 -87.726603,41.913711,0.0 -87.737975,41.913519,0.0 -87.741365,41.913903,0.0 -87.741323,41.902533,0.0 -87.741108,41.89509,0.0 -87.740593,41.887774,0.0 -87.686648,41.888349,0.0 -87.704201,41.895665,0.0 -87.704115,41.897294,0.0 -87.702441,41.896719,0.0 -87.702398,41.899211,0.0 -87.706647,41.899211,0.0 -87.707033,41.91023,0.0 -87.701883,41.910294,0.0 -87.701969,41.913839,0.0</coordinates></LinearRing></outerBoundaryIs></Polygon>",2732,316,29,1171,121,134,2478
24, West Town ,"<Polygon><outerBoundaryIs><LinearRing><coordinates>-87.701969,41.913871,0.0 -87.701969,41.910262,0.0 -87.70699,41.910198,0.0 -87.706733,41.899211,0.0 -87.702441,41.899243,0.0 -87.702312,41.896687,0.0 -87.704072,41.897262,0.0 -87.704072,41.895601,0.0 -87.686648,41.888381,0.0 -87.67695,41.888445,0.0 -87.667036,41.888477,0.0 -87.660427,41.88886,0.0 -87.639613,41.889212,0.0 -87.642059,41.892534,0.0 -87.644205,41.894227,0.0 -87.644334,41.897294,0.0 -87.645535,41.897805,0.0 -87.649183,41.898252,0.0 -87.651715,41.900009,0.0 -87.655063,41.90068,0.0 -87.656136,41.901415,0.0 -87.656565,41.90282,0.0 -87.65811,41.904225,0.0 -87.65811,41.90726,0.0 -87.65708,41.910741,0.0 -87.65811,41.914062,0.0 -87.661586,41.916425,0.0 -87.667079,41.914222,0.0 -87.677636,41.914062,0.0 -87.701969,41.913871,0.0</coordinates></LinearRing></outerBoundaryIs></Polygon>",1721,610,6,90,25,63,4792
25, Austin ,"<Polygon><outerBoundaryIs><LinearRing><coordinates>-87.740765,41.887838,0.0 -87.74128,41.89525,0.0 -87.741451,41.913903,0.0 -87.76454,41.916713,0.0 -87.786512,41.916457,0.0 -87.795095,41.919523,0.0 -87.806425,41.923419,0.0 -87.80591,41.908984,0.0 -87.775698,41.909304,0.0 -87.775269,41.894738,0.0 -87.774153,41.865534,0.0 -87.739992,41.865918,0.0 -87.740765,41.887838,0.0</coordinates></LinearRing></outerBoundaryIs></Polygon>",5714,781,81,1492,223,344,4488
26, West Garfield Park ,"<Polygon><outerBoundaryIs><LinearRing><coordinates>-87.74055,41.887774,0.0 -87.740293,41.876943,0.0 -87.739992,41.868986,0.0 -87.732697,41.870967,0.0 -87.732525,41.868474,0.0 -87.720122,41.868698,0.0 -87.72038,41.874642,0.0 -87.719908,41.874674,0.0 -87.720165,41.875601,0.0 -87.720766,41.876367,0.0 -87.720981,41.887934,0.0 -87.74055,41.887774,0.0</coordinates></LinearRing></outerBoundaryIs></Polygon>",1811,177,14,1011,89,186,1398
27, East Garfield Park ,"<Polygon><outerBoundaryIs><LinearRing><coordinates>-87.68888,41.888285,0.0 -87.720981,41.887998,0.0 -87.720723,41.876272,0.0 -87.720079,41.875409,0.0 -87.719822,41.874642,0.0 -87.720337,41.874578,0.0 -87.720208,41.869848,0.0 -87.705789,41.870104,0.0 -87.705703,41.868954,0.0 -87.691026,41.869337,0.0 -87.691455,41.886368,0.0 -87.690854,41.887582,0.0 -87.68888,41.888285,0.0</coordinates></LinearRing></outerBoundaryIs></Polygon>",1844,152,21,676,76,60,1340
28, Near West Side ,"<Polygon><outerBoundaryIs><LinearRing><coordinates>-87.66622,41.85965,0.0 -87.64433,41.86,0.0 -87.63429,41.86,0.0 -87.63454,41.86738,0.0 -87.63613,41.87438,0.0 -87.63751,41.87687,0.0 -87.63793,41.87809,0.0 -87.63836,41.88058,0.0 -87.63824,41.88326,0.0 -87.63763,41.88563,0.0 -87.63871,41.88694,0.0 -87.639699,41.889212,0.0 -87.66047,41.88882,0.0 -87.66437,41.88854,0.0 -87.68883,41.88828,0.0 -87.69072,41.88751,0.0 -87.69149,41.88636,0.0 -87.69124,41.87659,0.0 -87.69089,41.86649,0.0 -87.69021,41.86508,0.0 -87.6884,41.86355,0.0 -87.68806,41.85946,0.0 -87.66622,41.85965,0.0</coordinates></LinearRing></outerBoundaryIs></Polygon>",2184,777,15,172,47,63,4748
29, North Lawndale ,"<Polygon><outerBoundaryIs><LinearRing><coordinates>-87.739949,41.868986,0.0 -87.739348,41.845524,0.0 -87.722182,41.849392,0.0 -87.722268,41.851566,0.0 -87.711711,41.851694,0.0 -87.68815,41.857,0.0 -87.688408,41.863584,0.0 -87.690039,41.864927,0.0 -87.690983,41.866429,0.0 -87.691154,41.869241,0.0 -87.705746,41.868986,0.0 -87.705789,41.870072,0.0 -87.720208,41.86988,0.0 -87.720251,41.868762,0.0 -87.732654,41.868442,0.0 -87.732825,41.870871,0.0 -87.739949,41.868986,0.0</coordinates></LinearRing></outerBoundaryIs></Polygon>",3297,242,43,1655,146,113,2267
30, South Lawndale ,"<Polygon><outerBoundaryIs><LinearRing><coordinates>-87.739263,41.845524,0.0 -87.738919,41.832895,0.0 -87.738533,41.818824,0.0 -87.704372,41.829377,0.0 -87.687593,41.834686,0.0 -87.687507,41.844022,0.0 -87.68815,41.857,0.0 -87.712226,41.851694,0.0 -87.722268,41.851502,0.0 -87.722268,41.849392,0.0 -87.739263,41.845524,0.0</coordinates></LinearRing></outerBoundaryIs></Polygon>",1698,138,7,188,67,97,1569
31, Lower West Side ,"<Polygon><outerBoundaryIs><LinearRing><coordinates>-87.687528,41.834654,0.0 -87.679911,41.83702,0.0 -87.675469,41.837228,0.0 -87.668538,41.837451,0.0 -87.664461,41.839098,0.0 -87.664847,41.841448,0.0 -87.663453,41.844086,0.0 -87.656865,41.848034,0.0 -87.653217,41.847666,0.0 -87.650299,41.848178,0.0 -87.649312,41.848082,0.0 -87.646437,41.849089,0.0 -87.643497,41.849249,0.0 -87.642252,41.84984,0.0 -87.638776,41.854635,0.0 -87.637124,41.855274,0.0 -87.634892,41.857304,0.0 -87.634892,41.857767,0.0 -87.634141,41.858822,0.0 -87.634141,41.860005,0.0 -87.639055,41.860037,0.0 -87.656479,41.859749,0.0 -87.666285,41.859605,0.0 -87.673581,41.859541,0.0 -87.688193,41.85935,0.0 -87.687807,41.846148,0.0 -87.687571,41.844773,0.0 -87.687464,41.843958,0.0 -87.687635,41.838363,0.0 -87.687528,41.834654,0.0</coordinates></LinearRing></outerBoundaryIs></Polygon>",918,126,7,44,15,42,1022
32, Loop ,"<Polygon><outerBoundaryIs><LinearRing><coordinates>-87.612534,41.889084,0.0 -87.615838,41.888349,0.0 -87.620559,41.888573,0.0 -87.624292,41.88886,0.0 -87.625494,41.888764,0.0 -87.628026,41.887423,0.0 -87.63588,41.887391,0.0 -87.638068,41.886177,0.0 -87.637596,41.885602,0.0 -87.63824,41.883205,0.0 -87.638326,41.881959,0.0 -87.638326,41.880457,0.0 -87.638068,41.878796,0.0 -87.637467,41.876655,0.0 -87.636137,41.874386,0.0 -87.635193,41.870136,0.0 -87.634549,41.867356,0.0 -87.618885,41.867547,0.0 -87.618027,41.868474,0.0 -87.615495,41.868442,0.0 -87.616181,41.869081,0.0 -87.616138,41.875632,0.0 -87.616439,41.880521,0.0 -87.615817,41.880569,0.0 -87.615838,41.881448,0.0 -87.616353,41.881464,0.0 -87.616396,41.881991,0.0 -87.615881,41.882311,0.0 -87.613521,41.882758,0.0 -87.613091,41.883141,0.0 -87.612877,41.883557,0.0 -87.612705,41.885697,0.0 -87.612877,41.88787,0.0 -87.612534,41.889084,0.0</coordinates></LinearRing></outerBoundaryIs></Polygon>",1618,1527,,87,70,60,6767
33, Near South Side ,"<Polygon><outerBoundaryIs><LinearRing><coordinates>-87.634506,41.867356,0.0 -87.63412,41.85891,0.0 -87.63489,41.85776,0.0 -87.6303,41.85783,0.0 -87.63008,41.84568,0.0 -87.61673,41.84584,0.0 -87.61618,41.84533,0.0 -87.60824,41.84517,0.0 -87.60957,41.85316,0.0 -87.60635,41.85332,0.0 -87.60613,41.86,0.0 -87.60579,41.8669,0.0 -87.61283,41.86837,0.0 -87.61798,41.86847,0.0 -87.61888,41.86751,0.0 -87.634506,41.867356,0.0</coordinates></LinearRing></outerBoundaryIs></Polygon>",509,294,,18,12,32,885
34, Armour Square ,"<Polygon><outerBoundaryIs><LinearRing><coordinates>-87.643175,41.84757,0.0 -87.641888,41.846995,0.0 -87.636995,41.845684,0.0 -87.636695,41.838203,0.0 -87.63618,41.823813,0.0 -87.629743,41.823781,0.0 -87.630129,41.845588,0.0 -87.630343,41.857863,0.0 -87.634892,41.857735,0.0 -87.63485,41.857224,0.0 -87.637081,41.855242,0.0 -87.638712,41.854571,0.0 -87.642188,41.84984,0.0 -87.64339,41.849233,0.0 -87.644463,41.849201,0.0 -87.643175,41.84757,0.0</coordinates></LinearRing></outerBoundaryIs></Polygon>",302,59,,11,9,10,508
35, Douglas ,"<Polygon><outerBoundaryIs><LinearRing><coordinates>-87.612877,41.823973,0.0 -87.610731,41.831296,0.0 -87.6027,41.83139,0.0 -87.60828,41.8451,0.0 -87.61618,41.8452,0.0 -87.61669,41.84578,0.0 -87.63012,41.84558,0.0 -87.629657,41.823813,0.0 -87.612877,41.823973,0.0</coordinates></LinearRing></outerBoundaryIs></Polygon>",900,200,3,52,11,27,1159
36, Oakland ,"<Polygon><outerBoundaryIs><LinearRing><coordinates>-87.606912,41.824005,0.0 -87.60669,41.81687,0.0 -87.59223,41.81703,0.0 -87.60266,41.83132,0.0 -87.61077,41.83123,0.0 -87.612705,41.824005,0.0 -87.606912,41.824005,0.0</coordinates></LinearRing></outerBoundaryIs></Polygon>",254,39,,,2,8,251
37, Fuller Park ,"<Polygon><outerBoundaryIs><LinearRing><coordinates>-87.63553,41.79444,0.0 -87.62776,41.79457,0.0 -87.62952,41.82371,0.0 -87.6363,41.82371,0.0 -87.63583,41.80903,0.0 -87.63553,41.79444,0.0</coordinates></LinearRing></outerBoundaryIs></Polygon>",289,48,2,34,10,13,367
38, Grand Boulevard ,"<Polygon><outerBoundaryIs><LinearRing><coordinates>-87.62965,41.82371,0.0 -87.628756,41.812075,0.0 -87.628584,41.808685,0.0 -87.628241,41.801935,0.0 -87.60652,41.80228,0.0 -87.60695,41.82397,0.0 -87.62965,41.82371,0.0</coordinates></LinearRing></outerBoundaryIs></Polygon>",1287,202,10,137,35,55,1244
39, Kenwood ,"<Polygon><outerBoundaryIs><LinearRing><coordinates>-87.60669,41.81687,0.0 -87.60648,41.80225,0.0 -87.58056,41.8026,0.0 -87.580132,41.804046,0.0 -87.585025,41.807149,0.0 -87.587299,41.811851,0.0 -87.589831,41.813451,0.0 -87.59227,41.817,0.0 -87.60669,41.81687,0.0</coordinates></LinearRing></outerBoundaryIs></Polygon>",497,119,4,8,8,17,663
40, Washington Park ,"<Polygon><outerBoundaryIs><LinearRing><coordinates>-87.628155,41.801807,0.0 -87.627769,41.794576,0.0 -87.630429,41.79448,0.0 -87.63025,41.78001,0.0 -87.61566,41.7802,0.0 -87.61583,41.78571,0.0 -87.60618,41.78584,0.0 -87.60652,41.80222,0.0 -87.628155,41.801807,0.0</coordinates></LinearRing></outerBoundaryIs></Polygon>",1157,103,12,48,40,37,890
41, Hyde Park ,"<Polygon><outerBoundaryIs><LinearRing><coordinates>-87.606483,41.802223,0.0 -87.606053,41.785841,0.0 -87.576485,41.786321,0.0 -87.576656,41.788753,0.0 -87.578459,41.790705,0.0 -87.579532,41.793073,0.0 -87.578201,41.794672,0.0 -87.575068,41.795568,0.0 -87.57524,41.797072,0.0 -87.578115,41.7972,0.0 -87.57966,41.798192,0.0 -87.580733,41.800015,0.0 -87.580476,41.802639,0.0 -87.606483,41.802223,0.0</coordinates></LinearRing></outerBoundaryIs></Polygon>",428,172,1,9,8,22,910
42, Woodlawn ,"<Polygon><outerBoundaryIs><LinearRing><coordinates>-87.615623,41.785649,0.0 -87.615623,41.773104,0.0 -87.605667,41.765934,0.0 -87.605753,41.77304,0.0 -87.566185,41.77368,0.0 -87.572708,41.780273,0.0 -87.569361,41.781553,0.0 -87.575626,41.783601,0.0 -87.576828,41.786225,0.0 -87.615623,41.785649,0.0</coordinates></LinearRing></outerBoundaryIs></Polygon>",1510,149,14,121,58,56,1329
43, South Shore ,"<Polygon><outerBoundaryIs><LinearRing><coordinates>-87.59193,41.77316,0.0 -87.59541,41.758764,0.0 -87.58558,41.75152,0.0 -87.55262,41.75197,0.0 -87.54876,41.75409,0.0 -87.54472,41.75453,0.0 -87.54017,41.75735,0.0 -87.54369,41.7603,0.0 -87.54614,41.7594,0.0 -87.54859,41.75914,0.0 -87.55176,41.76023,0.0 -87.55451,41.76196,0.0 -87.55661,41.76254,0.0 -87.55785,41.76372,0.0 -87.56086,41.76631,0.0 -87.55949,41.76663,0.0 -87.55931,41.76795,0.0 -87.55944,41.76926,0.0 -87.56034,41.76859,0.0 -87.56232,41.76929,0.0 -87.56322,41.77083,0.0 -87.56339,41.77208,0.0 -87.56481,41.77278,0.0 -87.56618,41.7738,0.0 -87.59193,41.77316,0.0</coordinates></LinearRing></outerBoundaryIs></Polygon>",3608,452,33,243,76,118,2883
44, Chatham ,"<Polygon><outerBoundaryIs><LinearRing><coordinates>-87.626953,41.750888,0.0 -87.639098,41.750728,0.0 -87.63836,41.748,0.0 -87.63347,41.73801,0.0 -87.63124,41.7359,0.0 -87.6248,41.73103,0.0 -87.61897,41.72975,0.0 -87.61433,41.72796,0.0 -87.60463,41.72334,0.0 -87.60352,41.72328,0.0 -87.60034,41.73683,0.0 -87.59519,41.73689,0.0 -87.59914,41.74355,0.0 -87.59717,41.751432,0.0 -87.626953,41.750888,0.0</coordinates></LinearRing></outerBoundaryIs></Polygon>",2294,380,13,183,55,74,2553
45, Avalon Park ,"<Polygon><outerBoundaryIs><LinearRing><coordinates>-87.565842,41.737183,0.0 -87.595367,41.758572,0.0 -87.599058,41.743588,0.0 -87.59511,41.736991,0.0 -87.565842,41.737183,0.0</coordinates></LinearRing></outerBoundaryIs></Polygon>",499,75,4,15,14,19,468
46, South Chicago ,"<Polygon><outerBoundaryIs><LinearRing><coordinates>-87.585497,41.751529,0.0 -87.545328,41.722771,0.0 -87.543182,41.722899,0.0 -87.541895,41.72764,0.0 -87.528505,41.733981,0.0 -87.530565,41.748199,0.0 -87.540178,41.752105,0.0 -87.543097,41.752297,0.0 -87.544212,41.754858,0.0 -87.544899,41.75441,0.0 -87.548761,41.75409,0.0 -87.552624,41.751913,0.0 -87.585497,41.751529,0.0</coordinates></LinearRing></outerBoundaryIs></Polygon>",1915,190,20,173,71,81,1373
47, Burnside ,"<Polygon><outerBoundaryIs><LinearRing><coordinates>-87.600346,41.736735,0.0 -87.603521,41.723316,0.0 -87.60438,41.723412,0.0 -87.60438,41.722002,0.0 -87.586656,41.722355,0.0 -87.589316,41.727448,0.0 -87.595153,41.737055,0.0 -87.600346,41.736735,0.0</coordinates></LinearRing></outerBoundaryIs></Polygon>",155,15,1,20,3,3,87
48, Calumet Heights ,"<Polygon><outerBoundaryIs><LinearRing><coordinates>-87.586999,41.723124,0.0 -87.564812,41.723508,0.0 -87.564726,41.722579,0.0 -87.545414,41.722803,0.0 -87.565541,41.737216,0.0 -87.595067,41.736959,0.0 -87.586999,41.723124,0.0</coordinates></LinearRing></outerBoundaryIs></Polygon>",459,91,3,30,12,14,523
49, Roseland ,"<Polygon><outerBoundaryIs><LinearRing><coordinates>-87.612319,41.685476,0.0 -87.610602,41.692783,0.0 -87.60644,41.710438,0.0 -87.603822,41.722002,0.0 -87.604508,41.722067,0.0 -87.604423,41.72322,0.0 -87.605538,41.723668,0.0 -87.609272,41.725622,0.0 -87.614422,41.727928,0.0 -87.619185,41.729882,0.0 -87.623563,41.730746,0.0 -87.62485,41.731099,0.0 -87.630086,41.735006,0.0 -87.631459,41.736063,0.0 -87.633691,41.738176,0.0 -87.63309,41.707074,0.0 -87.642832,41.706946,0.0 -87.642188,41.685188,0.0 -87.612319,41.685476,0.0</coordinates></LinearRing></outerBoundaryIs></Polygon>",2687,324,35,305,100,140,2193
50, Pullman ,"<Polygon><outerBoundaryIs><LinearRing><coordinates>-87.6036,41.722,0.0 -87.61227,41.68547,0.0 -87.60429,41.68547,0.0 -87.60292,41.68631,0.0 -87.6018,41.6865,0.0 -87.59905,41.69259,0.0 -87.59425,41.70111,0.0 -87.59313,41.70297,0.0 -87.59124,41.70316,0.0 -87.58901,41.70534,0.0 -87.58592,41.70784,0.0 -87.58498,41.71079,0.0 -87.58532,41.72232,0.0 -87.6036,41.722,0.0</coordinates></LinearRing></outerBoundaryIs></Polygon>",376,52,1,33,25,21,430
51, South Deering ,"<Polygon><outerBoundaryIs><LinearRing><coordinates>-87.58704,41.72309,0.0 -87.58661,41.72238,0.0 -87.58506,41.72238,0.0 -87.58481,41.71091,0.0 -87.58584,41.7079,0.0 -87.59133,41.70284,0.0 -87.59519,41.69682,0.0 -87.59905,41.68996,0.0 -87.6012,41.68554,0.0 -87.60086,41.67637,0.0 -87.59948,41.67323,0.0 -87.58961,41.66194,0.0 -87.58875,41.66047,0.0 -87.58523,41.66021,0.0 -87.58257,41.65925,0.0 -87.55923,41.65925,0.0 -87.55923,41.66066,0.0 -87.55888,41.66675,0.0 -87.55931,41.66868,0.0 -87.55665,41.67005,0.0 -87.55386,41.66592,0.0 -87.55219,41.66364,0.0 -87.54837,41.6613,0.0 -87.5458,41.6596,0.0 -87.54614,41.66999,0.0 -87.54519,41.67198,0.0 -87.54489,41.68297,0.0 -87.54515,41.7029,0.0 -87.54653,41.7029,0.0 -87.54601,41.70515,0.0 -87.54627,41.70758,0.0 -87.54361,41.71053,0.0 -87.54266,41.71508,0.0 -87.54378,41.71783,0.0 -87.54318,41.72283,0.0 -87.56481,41.72264,0.0 -87.56489,41.72354,0.0 -87.58704,41.72309,0.0</coordinates></LinearRing></outerBoundaryIs></Polygon>",662,100,7,54,16,34,623
52, East Side ,"<Polygon><outerBoundaryIs><LinearRing><coordinates>-87.545028,41.701019,0.0 -87.544856,41.682816,0.0 -87.540178,41.68272,0.0 -87.540092,41.684643,0.0 -87.531681,41.684611,0.0 -87.531595,41.691886,0.0 -87.524729,41.69195,0.0 -87.524471,41.70874,0.0 -87.52799,41.711015,0.0 -87.525287,41.713257,0.0 -87.526574,41.712873,0.0 -87.527218,41.713738,0.0 -87.528377,41.715948,0.0 -87.52666,41.716941,0.0 -87.524428,41.717486,0.0 -87.524729,41.718607,0.0 -87.525458,41.720113,0.0 -87.524643,41.721458,0.0 -87.5246,41.723828,0.0 -87.529535,41.732444,0.0 -87.538891,41.728601,0.0 -87.541122,41.727383,0.0 -87.541809,41.726583,0.0 -87.539878,41.72543,0.0 -87.539878,41.724213,0.0 -87.542367,41.724084,0.0 -87.542753,41.722963,0.0 -87.541981,41.721202,0.0 -87.542753,41.719664,0.0 -87.54271,41.718127,0.0 -87.541552,41.716557,0.0 -87.541637,41.714122,0.0 -87.542152,41.713738,0.0 -87.542453,41.710022,0.0 -87.545114,41.707363,0.0 -87.545028,41.701019,0.0</coordinates></LinearRing></outerBoundaryIs></Polygon>",476,60,9,38,14,25,324
53, West Pullman ,"<Polygon><outerBoundaryIs><LinearRing><coordinates>-87.661629,41.6849,0.0 -87.661285,41.670187,0.0 -87.659826,41.670091,0.0 -87.659225,41.670411,0.0 -87.641716,41.670604,0.0 -87.641244,41.657748,0.0 -87.636738,41.657427,0.0 -87.631116,41.658004,0.0 -87.628884,41.659479,0.0 -87.626481,41.661339,0.0 -87.623305,41.663294,0.0 -87.620645,41.66323,0.0 -87.619185,41.662621,0.0 -87.618456,41.660729,0.0 -87.618799,41.659415,0.0 -87.618113,41.659383,0.0 -87.612233,41.685412,0.0 -87.642188,41.685124,0.0 -87.661629,41.6849,0.0</coordinates></LinearRing></outerBoundaryIs></Polygon>",1679,177,10,143,65,68,1097
54, Riverdale ,"<Polygon><outerBoundaryIs><LinearRing><coordinates>-87.57914,41.64469,0.0 -87.57914,41.6454,0.0 -87.57991,41.64796,0.0 -87.5818,41.65098,0.0 -87.60077,41.67304,0.0 -87.60223,41.67637,0.0 -87.60219,41.68512,0.0 -87.60184,41.68647,0.0 -87.60274,41.68624,0.0 -87.6042,41.68547,0.0 -87.6121,41.68541,0.0 -87.61802,41.65931,0.0 -87.61897,41.65931,0.0 -87.61982,41.65745,0.0 -87.62249,41.65495,0.0 -87.62214,41.65277,0.0 -87.62068,41.65072,0.0 -87.61751,41.65034,0.0 -87.61734,41.64463,0.0 -87.57914,41.64469,0.0</coordinates></LinearRing></outerBoundaryIs></Polygon>",671,39,6,39,17,26,338
55, Hegewisch ,"<Polygon><outerBoundaryIs><LinearRing><coordinates>-87.582321,41.659223,0.0 -87.585454,41.660249,0.0 -87.588887,41.660345,0.0 -87.581291,41.65188,0.0 -87.57906,41.64832,0.0 -87.578201,41.64614,0.0 -87.578115,41.644729,0.0 -87.543139,41.644119,0.0 -87.525287,41.644055,0.0 -87.524815,41.660505,0.0 -87.524643,41.691918,0.0 -87.531552,41.691854,0.0 -87.531638,41.684675,0.0 -87.540007,41.684611,0.0 -87.540135,41.682752,0.0 -87.544856,41.682752,0.0 -87.544899,41.681086,0.0 -87.545199,41.671662,0.0 -87.545972,41.669931,0.0 -87.546101,41.666725,0.0 -87.545757,41.659671,0.0 -87.552323,41.663679,0.0 -87.556744,41.669995,0.0 -87.559361,41.668712,0.0 -87.558932,41.666885,0.0 -87.559147,41.659351,0.0 -87.582321,41.659223,0.0</coordinates></LinearRing></outerBoundaryIs></Polygon>",244,41,1,6,3,21,233
56, Garfield Ridge ,"<Polygon><outerBoundaryIs><LinearRing><coordinates>-87.761965,41.785489,0.0 -87.737932,41.785873,0.0 -87.737889,41.799535,0.0 -87.738576,41.81892,0.0 -87.744541,41.81876,0.0 -87.744627,41.816169,0.0 -87.753253,41.813675,0.0 -87.752781,41.800207,0.0 -87.796812,41.799535,0.0 -87.80179,41.798096,0.0 -87.801275,41.784753,0.0 -87.761965,41.785489,0.0</coordinates></LinearRing></outerBoundaryIs></Polygon>",544,213,5,64,13,36,748
57, Archer Heights ,"<Polygon><outerBoundaryIs><LinearRing><coordinates>-87.73763,41.79387,0.0 -87.73681,41.79444,0.0 -87.73162,41.79665,0.0 -87.72608,41.79918,0.0 -87.72046,41.80158,0.0 -87.71505,41.80404,0.0 -87.7139,41.80599,0.0 -87.71381,41.80804,0.0 -87.71441,41.82621,0.0 -87.72372,41.8233,0.0 -87.73857,41.81856,0.0 -87.73819,41.80766,0.0 -87.73784,41.79332,0.0 -87.73763,41.79387,0.0</coordinates></LinearRing></outerBoundaryIs></Polygon>",234,68,3,19,9,12,375
58, Brighton Park ,"<Polygon><outerBoundaryIs><LinearRing><coordinates>-87.7142,41.820487,0.0 -87.713728,41.804046,0.0 -87.711968,41.804398,0.0 -87.684159,41.804718,0.0 -87.684546,41.822982,0.0 -87.687035,41.826563,0.0 -87.687421,41.82845,0.0 -87.687464,41.83459,0.0 -87.714329,41.826212,0.0 -87.7142,41.820487,0.0</coordinates></LinearRing></outerBoundaryIs></Polygon>",850,99,23,104,26,48,699
59, McKinley Park ,"<Polygon><outerBoundaryIs><LinearRing><coordinates>-87.687464,41.828514,0.0 -87.687035,41.826531,0.0 -87.684588,41.823046,0.0 -87.657337,41.823333,0.0 -87.657552,41.825732,0.0 -87.657595,41.827779,0.0 -87.657595,41.829409,0.0 -87.657466,41.8312,0.0 -87.659569,41.833598,0.0 -87.661242,41.834877,0.0 -87.663174,41.836892,0.0 -87.663345,41.837563,0.0 -87.664332,41.839098,0.0 -87.668238,41.837435,0.0 -87.679868,41.83702,0.0 -87.687507,41.834654,0.0 -87.687464,41.828514,0.0</coordinates></LinearRing></outerBoundaryIs></Polygon>",293,60,4,66,9,14,429
60, Bridgeport ,"<Polygon><outerBoundaryIs><LinearRing><coordinates>-87.663302,41.837627,0.0 -87.66326,41.836924,0.0 -87.661157,41.834813,0.0 -87.659655,41.833662,0.0 -87.657423,41.831264,0.0 -87.657681,41.827555,0.0 -87.657337,41.823397,0.0 -87.63618,41.823717,0.0 -87.63648,41.830816,0.0 -87.636909,41.845588,0.0 -87.641845,41.846803,0.0 -87.643003,41.847378,0.0 -87.644634,41.849233,0.0 -87.646608,41.848977,0.0 -87.649312,41.848082,0.0 -87.650127,41.848114,0.0 -87.653046,41.847666,0.0 -87.656822,41.848018,0.0 -87.663345,41.844086,0.0 -87.664804,41.841496,0.0 -87.664461,41.839098,0.0 -87.663302,41.837627,0.0</coordinates></LinearRing></outerBoundaryIs></Polygon>",453,98,2,37,9,25,654
61, New City ,"<Polygon><outerBoundaryIs><LinearRing><coordinates>-87.6845,41.82301,0.0 -87.68411,41.80471,0.0 -87.67956,41.80475,0.0 -87.67935,41.7938,0.0 -87.63557,41.79448,0.0 -87.63588,41.80878,0.0 -87.636,41.81169,0.0 -87.6363,41.82368,0.0 -87.6845,41.82301,0.0</coordinates></LinearRing></outerBoundaryIs></Polygon>",1842,175,18,238,76,75,1528
62, West Elsdon ,"<Polygon><outerBoundaryIs><LinearRing><coordinates>-87.71312,41.78612,0.0 -87.71385,41.80587,0.0 -87.71493,41.80407,0.0 -87.71604,41.80353,0.0 -87.72338,41.80027,0.0 -87.73728,41.79422,0.0 -87.73793,41.79323,0.0 -87.73793,41.78584,0.0 -87.71312,41.78612,0.0</coordinates></LinearRing></outerBoundaryIs></Polygon>",260,71,1,19,5,10,466
63, Gage Park ,"<Polygon><outerBoundaryIs><LinearRing><coordinates>-87.67918,41.78664,0.0 -87.67969,41.80471,0.0 -87.68381,41.80471,0.0 -87.71171,41.80433,0.0 -87.71372,41.80401,0.0 -87.71312,41.78622,0.0 -87.67918,41.78664,0.0</coordinates></LinearRing></outerBoundaryIs></Polygon>",782,102,11,83,22,43,910
64, Clearing ,"<Polygon><outerBoundaryIs><LinearRing><coordinates>-87.737331,41.771344,0.0 -87.737932,41.785841,0.0 -87.765613,41.785393,0.0 -87.801232,41.784689,0.0 -87.800803,41.773744,0.0 -87.761536,41.774448,0.0 -87.744627,41.774736,0.0 -87.742095,41.7748,0.0 -87.742052,41.771152,0.0 -87.737331,41.771344,0.0</coordinates></LinearRing></outerBoundaryIs></Polygon>",289,71,1,26,5,14,308
65, West Lawn ,"<Polygon><outerBoundaryIs><LinearRing><coordinates>-87.722182,41.753353,0.0 -87.722268,41.761741,0.0 -87.713642,41.757771,0.0 -87.712312,41.757259,0.0 -87.712655,41.771504,0.0 -87.713041,41.786065,0.0 -87.737932,41.785777,0.0 -87.737246,41.771376,0.0 -87.741966,41.77112,0.0 -87.741365,41.753193,0.0 -87.722182,41.753353,0.0</coordinates></LinearRing></outerBoundaryIs></Polygon>",494,122,1,56,14,35,833
66, Chicago Lawn ,"<Polygon><outerBoundaryIs><LinearRing><coordinates>-87.712913,41.786161,0.0 -87.712827,41.778801,0.0 -87.71214,41.757163,0.0 -87.678537,41.757451,0.0 -87.679224,41.786609,0.0 -87.712913,41.786161,0.0</coordinates></LinearRing></outerBoundaryIs></Polygon>",2153,299,20,236,55,80,1979
67, West Englewood ,"<Polygon><outerBoundaryIs><LinearRing><coordinates>-87.679353,41.793712,0.0 -87.678494,41.757483,0.0 -87.65399,41.757867,0.0 -87.654891,41.794,0.0 -87.679353,41.793712,0.0</coordinates></LinearRing></outerBoundaryIs></Polygon>",2748,262,18,515,107,184,1896
68, Englewood ,"<Polygon><outerBoundaryIs><LinearRing><coordinates>-87.63055,41.79441,0.0 -87.65467,41.79409,0.0 -87.65399,41.75786,0.0 -87.64205,41.75806,0.0 -87.64042,41.75735,0.0 -87.63982,41.75626,0.0 -87.63957,41.75082,0.0 -87.637296,41.756427,0.0 -87.63656,41.75831,0.0 -87.62995,41.77592,0.0 -87.63055,41.79441,0.0</coordinates></LinearRing></outerBoundaryIs></Polygon>",2559,187,29,321,103,149,1621
69, Greater Grand Crossing ,"<Polygon><outerBoundaryIs><LinearRing><coordinates>-87.63021,41.77998,0.0 -87.62995,41.77601,0.0 -87.639527,41.750824,0.0 -87.59717,41.751336,0.0 -87.59197,41.77323,0.0 -87.60575,41.77307,0.0 -87.60562,41.76593,0.0 -87.61562,41.77307,0.0 -87.61566,41.78014,0.0 -87.63021,41.77998,0.0</coordinates></LinearRing></outerBoundaryIs></Polygon>",2718,256,22,225,75,93,2087
70, Ashburn ,"<Polygon><outerBoundaryIs><LinearRing><coordinates>-87.675962,41.739297,0.0 -87.677979,41.743012,0.0 -87.67858,41.757419,0.0 -87.712226,41.757131,0.0 -87.716131,41.758764,0.0 -87.722268,41.761709,0.0 -87.722096,41.753385,0.0 -87.741451,41.753065,0.0 -87.741323,41.749159,0.0 -87.741022,41.736351,0.0 -87.741108,41.734557,0.0 -87.702098,41.73523,0.0 -87.672915,41.735678,0.0 -87.675962,41.739297,0.0</coordinates></LinearRing></outerBoundaryIs></Polygon>",788,184,6,37,23,35,1003
71, Auburn Gresham ,"<Polygon><outerBoundaryIs><LinearRing><coordinates>-87.67849,41.75745,0.0 -87.67797,41.74298,0.0 -87.67592,41.73929,0.0 -87.67291,41.73571,0.0 -87.66828,41.73039,0.0 -87.66742,41.72888,0.0 -87.66712,41.72975,0.0 -87.66557,41.73132,0.0 -87.663,41.73212,0.0 -87.64841,41.73234,0.0 -87.64776,41.73257,0.0 -87.64652,41.73254,0.0 -87.64776,41.72908,0.0 -87.64605,41.72975,0.0 -87.64347,41.72985,0.0 -87.64334,41.72895,0.0 -87.63356,41.72895,0.0 -87.63386,41.73868,0.0 -87.63802,41.74707,0.0 -87.63866,41.74883,0.0 -87.63905,41.75069,0.0 -87.63952,41.75082,0.0 -87.63974,41.75623,0.0 -87.64047,41.75735,0.0 -87.64184,41.75793,0.0 -87.67849,41.75745,0.0</coordinates></LinearRing></outerBoundaryIs></Polygon>",3005,328,27,354,107,113,2402
72, Beverly ,"<Polygon><outerBoundaryIs><LinearRing><coordinates>-87.658753,41.699481,0.0 -87.65605,41.70685,0.0 -87.663689,41.721234,0.0 -87.667637,41.729401,0.0 -87.672915,41.735646,0.0 -87.682571,41.73555,0.0 -87.681842,41.713674,0.0 -87.691755,41.713578,0.0 -87.691584,41.708131,0.0 -87.696476,41.708067,0.0 -87.696218,41.698968,0.0 -87.658753,41.699481,0.0</coordinates></LinearRing></outerBoundaryIs></Polygon>",239,95,,11,3,14,395
73, Washington Heights ,"<Polygon><outerBoundaryIs><LinearRing><coordinates>-87.66291,41.73205,0.0 -87.66403,41.73186,0.0 -87.66536,41.73138,0.0 -87.66647,41.73029,0.0 -87.66703,41.72969,0.0 -87.66733,41.72872,0.0 -87.65592,41.70675,0.0 -87.65879,41.69951,0.0 -87.64253,41.69973,0.0 -87.64287,41.70701,0.0 -87.63309,41.7071,0.0 -87.63347,41.72892,0.0 -87.64339,41.72888,0.0 -87.64347,41.72988,0.0 -87.64605,41.72969,0.0 -87.64781,41.72904,0.0 -87.64652,41.73244,0.0 -87.64776,41.7325,0.0 -87.64866,41.73225,0.0 -87.66291,41.73205,0.0</coordinates></LinearRing></outerBoundaryIs></Polygon>",1077,169,17,66,32,57,1165
74, Mount Greenwood ,"<Polygon><outerBoundaryIs><LinearRing><coordinates>-87.696519,41.707619,0.0 -87.701325,41.707587,0.0 -87.701283,41.706177,0.0 -87.711024,41.706145,0.0 -87.711282,41.711431,0.0 -87.712655,41.711431,0.0 -87.712569,41.713385,0.0 -87.721109,41.713129,0.0 -87.720294,41.691277,0.0 -87.73982,41.690893,0.0 -87.739434,41.68365,0.0 -87.710381,41.68413,0.0 -87.710123,41.680509,0.0 -87.705274,41.680573,0.0 -87.705445,41.684259,0.0 -87.700553,41.684355,0.0 -87.700639,41.686149,0.0 -87.699394,41.686182,0.0 -87.699437,41.687912,0.0 -87.695832,41.68804,0.0 -87.696519,41.707619,0.0</coordinates></LinearRing></outerBoundaryIs></Polygon>",183,73,,5,2,21,230
75, Morgan Park ,"<Polygon><outerBoundaryIs><LinearRing><coordinates>-87.64223,41.68522,0.0 -87.642703,41.699705,0.0 -87.658668,41.699481,0.0 -87.691283,41.699032,0.0 -87.69094,41.69172,0.0 -87.69604,41.69169,0.0 -87.69566,41.68438,0.0 -87.68591,41.68445,0.0 -87.68574,41.67893,0.0 -87.68643,41.6772,0.0 -87.66162,41.67752,0.0 -87.6618,41.68483,0.0 -87.64223,41.68522,0.0</coordinates></LinearRing></outerBoundaryIs></Polygon>",720,154,4,33,22,40,799
76, O'Hare ,"<Polygon><outerBoundaryIs><LinearRing><coordinates>-87.836723,41.959426,0.0 -87.83668,41.970212,0.0 -87.846508,41.970052,0.0 -87.846401,41.975109,0.0 -87.84153,41.975157,0.0 -87.84153,41.973913,0.0 -87.836723,41.973977,0.0 -87.836595,41.986387,0.0 -87.851014,41.988588,0.0 -87.854319,41.988683,0.0 -87.857323,41.989577,0.0 -87.859983,41.99114,0.0 -87.863159,41.992479,0.0 -87.866421,41.993468,0.0 -87.870283,41.984824,0.0 -87.875948,41.982973,0.0 -87.880239,41.995222,0.0 -87.88393,41.99535,0.0 -87.884874,41.998093,0.0 -87.894144,42.000006,0.0 -87.908564,42.002558,0.0 -87.908478,42.005236,0.0 -87.920408,42.004535,0.0 -87.921009,42.001282,0.0 -87.925386,42.001346,0.0 -87.925386,42.002175,0.0 -87.930365,42.002302,0.0 -87.930965,42.00428,0.0 -87.9356,42.000389,0.0 -87.938433,41.996243,0.0 -87.939205,41.9935,0.0 -87.939548,41.976976,0.0 -87.938261,41.974104,0.0 -87.936373,41.971169,0.0 -87.932854,41.968297,0.0 -87.927876,41.966255,0.0 -87.922554,41.964404,0.0 -87.919807,41.962617,0.0 -87.917147,41.959745,0.0 -87.915602,41.957001,0.0 -87.915001,41.951958,0.0 -87.911053,41.951065,0.0 -87.907534,41.950171,0.0 -87.899551,41.950809,0.0 -87.893114,41.950873,0.0 -87.893114,41.957894,0.0 -87.890711,41.958022,0.0 -87.890453,41.953235,0.0 -87.886333,41.953363,0.0 -87.885132,41.957448,0.0 -87.880411,41.957001,0.0 -87.878695,41.959873,0.0 -87.87775,41.962745,0.0 -87.875519,41.965489,0.0 -87.876806,41.969957,0.0 -87.876205,41.971743,0.0 -87.875948,41.976529,0.0 -87.875948,41.981825,0.0 -87.870884,41.982718,0.0 -87.869339,41.982846,0.0 -87.857237,41.982973,0.0 -87.857151,41.980549,0.0 -87.860413,41.97838,0.0 -87.862644,41.978124,0.0 -87.863073,41.976721,0.0 -87.861872,41.971169,0.0 -87.861786,41.965936,0.0 -87.860756,41.957129,0.0 -87.85758,41.954703,0.0 -87.856636,41.95349,0.0 -87.836981,41.95215,0.0 -87.836723,41.959426,0.0</coordinates></LinearRing></outerBoundaryIs></Polygon>",377,254,1,135,27,7,751
77, Edgewater ,"<Polygon><outerBoundaryIs><LinearRing><coordinates>-87.675147,41.997997,0.0 -87.675061,41.990725,0.0 -87.674632,41.976146,0.0 -87.651329,41.976497,0.0 -87.646995,41.977773,0.0 -87.649441,41.978061,0.0 -87.650514,41.97905,0.0 -87.65017,41.979847,0.0 -87.650642,41.980581,0.0 -87.650857,41.982846,0.0 -87.650084,41.985111,0.0 -87.651372,41.985557,0.0 -87.654548,41.988779,0.0 -87.654247,41.99031,0.0 -87.654097,41.992511,0.0 -87.654376,41.996402,0.0 -87.654784,41.998188,0.0 -87.675147,41.997997,0.0</coordinates></LinearRing></outerBoundaryIs></Polygon>",720,299,2,36,12,25,1269
